{
	"class_name" : "PinholeCameraParameters",
	"extrinsic" : 
	[
		0.0,
		-0.99503719020998926,
		0.099503719020998929,
		0.0,
		0.0,
		-0.099503719020998929,
		-0.99503719020998926,
		0.0,
		1.0,
		0.0,
		-0.0,
		0.0,
		-1.2797000000000001,
		5.1442661530405971,
		324.15709893221879,
		1.0
	],
	"intrinsic" : 
	{
		"height" : 512,
		"intrinsic_matrix" : 
		[
			443.40500673763262,
			0.0,
			0.0,
			0.0,
			443.40500673763262,
			0.0,
			255.5,
			255.5,
			1.0
		],
		"width" : 512
	},
	"version_major" : 1,
	"version_minor" : 0
}