{
	"class_name" : "PinholeCameraParameters",
	"extrinsic" : 
	[
		0.0,
		-1.0,
		-0.0,
		0.0,
		-0.099503719020998929,
		-0.0,
		-0.99503719020998926,
		0.0,
		0.99503719020998926,
		0.0,
		-0.099503719020998929,
		0.0,
		8.07543675758928,
		-4.225489999999998,
		323.86398187176394,
		1.0
	],
	"intrinsic" : 
	{
		"height" : 512,
		"intrinsic_matrix" : 
		[
			443.40500673763262,
			0.0,
			0.0,
			0.0,
			443.40500673763262,
			0.0,
			255.5,
			255.5,
			1.0
		],
		"width" : 512
	},
	"version_major" : 1,
	"version_minor" : 0
}