{
	"class_name" : "PinholeCameraParameters",
	"extrinsic" : 
	[
		0.0,
		-1.0,
		-0.0,
		0.0,
		-0.0,
		-0.0,
		-1.0,
		0.0,
		1.0,
		0.0,
		-0.0,
		0.0,
		-1.2797000000000001,
		-4.225489999999998,
		324.20292346352267,
		1.0
	],
	"intrinsic" : 
	{
		"height" : 512,
		"intrinsic_matrix" : 
		[
			443.40500673763262,
			0.0,
			0.0,
			0.0,
			443.40500673763262,
			0.0,
			255.5,
			255.5,
			1.0
		],
		"width" : 512
	},
	"version_major" : 1,
	"version_minor" : 0
}