{
	"class_name" : "PinholeCameraParameters",
	"extrinsic" : 
	[
		-0.73864738190788648,
		-0.56478943382430058,
		0.36798497339028807,
		0.0,
		0.57421835742679583,
		-0.24124190398541856,
		0.78235261983044624,
		0.0,
		-0.35309109758629931,
		0.78918644134444937,
		0.50250516176790305,
		0.0,
		0.2874086948431665,
		-1.2956052465256143,
		0.71097292863886419,
		1.0
	],
	"intrinsic" : 
	{
		"height" : 1047,
		"intrinsic_matrix" : 
		[
			906.72859776230734,
			0.0,
			0.0,
			0.0,
			906.72859776230734,
			0.0,
			959.5,
			523.0,
			1.0
		],
		"width" : 1920
	},
	"version_major" : 1,
	"version_minor" : 0
}